{
	"info": {
		"_postman_id": "1987dd55-7300-440d-b078-89d64b982918",
		"name": "Wallapof",
		"schema": "https://schema.getpostman.com/json/collection/v2.1.0/collection.json",
		"_exporter_id": "9687616"
	},
	"item": [
		{
			"name": "Listado de productos",
			"request": {
				"method": "GET",
				"header": [],
				"url": {
					"raw": "http://localhost:8000/products",
					"protocol": "http",
					"host": [
						"localhost"
					],
					"port": "8000",
					"path": [
						"products"
					],
					"query": [
						{
							"key": "keyword",
							"value": "xiaomi",
							"disabled": true
						}
					]
				}
			},
			"response": []
		},
		{
			"name": "Info de un producto concreto",
			"request": {
				"method": "GET",
				"header": [],
				"url": {
					"raw": "http://localhost:8000/products/:productId",
					"protocol": "http",
					"host": [
						"localhost"
					],
					"port": "8000",
					"path": [
						"products",
						":productId"
					],
					"variable": [
						{
							"key": "productId",
							"value": "6b89c815-c875-4d7b-ab11-cb82fd8b08fd"
						}
					]
				}
			},
			"response": []
		},
		{
			"name": "Nuevo producto",
			"request": {
				"method": "POST",
				"header": [],
				"body": {
					"mode": "raw",
					"raw": "{\r\n    \"name\": \"PS5\",\r\n    \"price\": 230,\r\n    \"userId\": 1\r\n}",
					"options": {
						"raw": {
							"language": "json"
						}
					}
				},
				"url": {
					"raw": "http://localhost:8000/products",
					"protocol": "http",
					"host": [
						"localhost"
					],
					"port": "8000",
					"path": [
						"products"
					]
				}
			},
			"response": []
		},
		{
			"name": "Registro de usuario",
			"request": {
				"method": "POST",
				"header": [],
				"body": {
					"mode": "raw",
					"raw": "{\r\n    \"email\": \"ana95@gmail.com\",\r\n    \"password\": \"123456\"\r\n}",
					"options": {
						"raw": {
							"language": "json"
						}
					}
				},
				"url": {
					"raw": "http://localhost:8000/users/register",
					"protocol": "http",
					"host": [
						"localhost"
					],
					"port": "8000",
					"path": [
						"users",
						"register"
					]
				}
			},
			"response": []
		}
	]
}